Область,Город,№,Компания,Основная продукция,Телефон,Email,Приоритет
Алматы,Алматы,1,Модуль Сталь,"Арматура, балки, швеллер, трубы, лист",+7 771 737-60-29,almaty@modul.kz,A
Алматы,Алматы,2,Промышленная Металлургия,"Трубы, лист, сортовой прокат, нержавейка, алюминий",+7 700 107-64-00,,A
Алматы,Алматы,3,Сталь Сервис Казахстан,Широкий металлопрокат,+7 727 350-59-12,ust-kam@steels.kz,A
Алматы,Алматы,4,Steel Groups,"Арматура, круг, квадрат, уголок, швеллер, лист, трубы",+7 708 492-20-88,sales@steelgroups.kz,A
Алматы,Алматы,5,G-Time,"Трубы, арматура, лист, сортовой прокат",+7 747 839-06-05,sales@g-time.kz,A
Алматы,Алматы,6,ТК Сталь,"Арматура, трубы, лист, балка, швеллер, метизы",+7 707 777-77-12,sale@tk-steel.kz,A
Алматы,Алматы,7,Стальная Марка,"Арматура, трубы, балки, швеллер, лист",+7 705 755-52-77,almaty@stalnayamarka.kz,A
Алматы,Алматы,8,Шариф Металл,"Арматура, трубы, лист, металлоконструкции",+7 771 223-03-03,sharif_metall@mail.ru,A
Алматы,Алматы,9,TMO GROUP,"Металлопрокат, нержавейка, трубы, метизы",,zakaz@tmo-group.kz,A
Алматы,Алматы,10,МетПромКо,"Трубы, нержавейка, цветной металл, лист, метизы",+7 727 329-70-08,almaty@metpromko.kz,A
Алматы,Алматы,11,Е-Металл,"Металл, кабель, строительные материалы",+7 708 182-91-66,info@e-metall.kz,A
Алматы,Алматы,12,KazGroupMetal,"Трубы, арматура, лист, балки, профнастил",+7 702 246-81-59,,A
Алматы,Алматы,13,Метинвест Казахстан,"Профильные, нержавеющие, бесшовные трубы",+7 777 029-32-20,,A
Алматы,Алматы,14,Металлоторгующая компания,Металлопрокат,+7 700 308-55-05,,B
Алматы,Алматы,15,Металл Solutions Kazakhstan,Металлопрокат,+7 727 339-18-18,,B
Алматы,Алматы,16,АТЛАНТ Snab City,Металлопрокат,+7 747 219-93-69,,B
Алматы,Алматы,17,Казстальресурс Арматура,"Арматура, металлопрокат",+7 700 258-30-68,,B
Алматы,Алматы,18,Металлопрокат Profi-Dom.kz,Металлопрокат,+7 747 618-22-01,,B
Алматы,Алматы,19,Металлобаза Keremet-07,Металлопрокат,+7 707 872-39-37,,B
Алматы,Алматы,20,СтальТЭК,Металлопрокат оптом,+7 777 000-09-08,,B
Алматы,Алматы,21,Металл Ассортимент,Металлопрокат,+7 777 641-11-15,,B
Алматы,Алматы,22,Металлопрокат Алатaу,"Трубы, арматура, уголок, швеллер, сетка",+7 707 385-89-99,,B
Алматы,Алматы,23,ТОО ПРОМЕТ,Металлоконструкции,+7 777 129-88-70,,B
Астана,Астана,1,Стальной Двор,"Металлопрокат, строительная сталь",+7 7172 53-20-64,astana@sd-astana.kz,A
Астана,Астана,2,ТОО Казпромкомплекс,"Металлопрокат, трубы",+7 7172 31-66-66,,A
Астана,Астана,3,МК-Металл Казахстан,Металлопрокат,+7 778 580-55-52,,B
Астана,Астана,4,МетПромКо,"Трубы, нержавейка, цветной металл, лист, метизы",+7 7172 78-30-80,astana@metpromko.kz,A
Астана,Астана,5,MetalTrade Kazakhstan,"Чёрный и цветной металлопрокат, трубы",+7 776 700-79-99,metaltradekazakhstan@mail.ru,A
Астана,Астана,6,WSteel,"Арматура, швеллер, трубы, лист",+7 708 088-80-00,astana@wsteel.kz,A
Астана,Астана,7,ПРОМСНАБМЕТАЛЛ,"Сортовой и листовой прокат, арматура, трубы",+7 707 117-02-30,,A
Астана,Астана,8,TAN24,"Чёрный, цветной, нержавеющий прокат, метизы",,,A
Астана,Астана,9,АЗМТ,Стальные трубы,+7 7172 49-03-27,,A
Астана,Астана,10,Metalloprokat Astana,Металлопрокат,+7 7172 39-55-47,,B
Астана,Астана,11,Металлопрофиль,Металлопрокат,+7 7172 67-77-00,,B
Астана,Астана,12,Атаюрт,Металлоконструкции / сталь,+7 701 516-04-73,,B
Астана,Астана,13,SSPK Казахстан,"Трубы, арматура, балки, лист, профнастил, метизы",+7 701 707-70-11,sspkkz@mail.ru,A
Карагандинская область,Караганда,1,МетПромКо,"Трубы, нержавейка, цветной металл, лист, метизы",+7 708 987-98-16,karaganda@metpromko.kz,A
Карагандинская область,Караганда,2,СК Снаб Пром,Чёрный металлопрокат,,,B
Карагандинская область,Караганда,3,KTS.KZ,Чёрный металлопрокат,,,B
Западно-Казахстанская область,Уральск,1,КТК Сталь,Чёрный металлопрокат,,,B
Западно-Казахстанская область,Уральск,2,Металл-Сервис.KZ,Чёрный металлопрокат,,,B
Западно-Казахстанская область,Уральск,3,Металлинвест,"Чёрный, нержавеющий прокат",,,B
Западно-Казахстанская область,Уральск,4,KMI Company,Чёрный металлопрокат,,,B
Западно-Казахстанская область,Уральск,5,Mayakmetall,Нержавеющий и цветной металл,,,B
Восточно-Казахстанская область,Усть-Каменогорск,1,Сталепромышленная компания ВКО,"Лист, сортовой прокат, трубы, обработка",+7 708 730-84-99,spk_ast@mail.ru,A
Восточно-Казахстанская область,Усть-Каменогорск,2,Сталь Сервис Казахстан,Широкий металлопрокат,+7 7232 489-110,ust-kam@steels.kz,A
Мангистауская область,Актау,1,ГК Интерстилс,"Металлопрокат, трубы, лист",+7 7292 78-86-01,aktau@isteels.kz,A
Актюбинская область,Актобе,1,ПО КазМетСервис,"Металлопрокат, заготовки, металлоконструкции",+7 7132 941-715,aktobe@kzmc.kz,A
Алматинская область,Алматы / Боролдай,1,Металлопрокат Алатaу,"Трубы, арматура, уголок, швеллер, сетка",,,B
Алматинская область,Алматы / Алматинская область,2,ПРОМЕТ,Металлоконструкции,,,B
